id,created_at,username,email,comment
1,2022-03-09T18:38:02.000Z,phivk,,
9,2022-03-11T14:42:00.000Z,Chris Lawrence,,
15,2022-04-28T15:11:11.000Z,ErikaD,,
16,2022-04-28T15:11:14.000Z,Denny George,,
23,2022-04-28T15:11:36.000Z,Vineel,,
26,2022-04-28T15:11:52.000Z,elenimaltas_176,,
28,2022-04-28T15:11:53.000Z,gcordner,,
30,2022-04-28T15:12:21.000Z,alquimetricos,,
33,2022-04-28T15:12:26.000Z,amanda,,
36,2022-04-28T15:12:29.000Z,@turukawa,,
40,2022-04-28T15:12:37.000Z,Alison Guzman,,
43,2022-04-28T15:12:56.000Z,bestape,,
46,2022-04-28T15:13:08.000Z,@palexander,,
48,2022-04-28T15:14:36.000Z,@fishytom,,
50,2022-04-28T15:17:07.000Z,EricaHargreave,,
53,2022-05-11T20:22:09.000Z,travis,,
56,2022-06-25T18:40:42.000Z,@Newman5,,
